<?xml version="1.0" encoding="UTF-8"?>
<!DOCTYPE mapper 
	PUBLIC "-//mybatis.org//DTD Mapper 3.0//EN"
   "http://mybatis.org/dtd/mybatis-3-mapper.dtd">
<mapper namespace="mapper.goods">
	<insert id="insertNewGoods" parameterType="goodsVo" useGeneratedKeys="true" keyProperty="g_no">
		INSERT INTO tbl_goods (
			g_category, g_type, g_name, g_code, g_price, 
			g_inventory, g_review_count, g_reg_date, g_mod_date
		) VALUES (
			#{g_category}, #{g_type}, #{g_name}, #{g_code}, #{g_price}, 
			#{g_inventory}, 0, now(), now()
		)
	</insert>
	
	<select id="selectGoodsList" resultType="goodsVo" parameterType="hashmap">
		SELECT *, COUNT(R.g_no) AS review_count, AVG(R.rating) AS average_rating FROM tbl_goods GS
		LEFT JOIN tbl_goods_image GM ON GS.g_no = GM.g_no
		AND GM.img_no = ( SELECT MIN(GM2.img_no) FROM tbl_goods_image GM2 WHERE GM2.g_no = GS.g_no )
		LEFT JOIN tbl_review R ON GS.g_no = R.g_no
		WHERE GS.g_category = #{g_category}
		GROUP BY GS.g_no
		ORDER BY GS.g_no DESC
		LIMIT #{scale} OFFSET #{pNum}
	</select>
	
	<select id="selectGoodsCount" resultType="int" parameterType="String">
		SELECT Count(*) FROM tbl_goods
		WHERE g_category = #{g_category}
	</select>
	
	<select id="selectGoods" resultType="goodsVo" parameterType="long">
		SELECT *, COUNT(R.g_no) AS review_count, AVG(R.rating) AS average_rating
	    FROM tbl_goods GS
		LEFT JOIN tbl_review R ON R.g_no = GS.g_no
		WHERE GS.g_no = #{g_no}
		GROUP BY GS.g_no
	</select>
	
	<select id="selectSearchGoods" resultType="goodsVo" parameterType="String">
		SELECT * FROM tbl_goods GS
		LEFT JOIN tbl_goods_image GM ON GS.g_no = GM.g_no
		AND GM.img_no = (
			SELECT MIN(GM2.img_no) 
			FROM tbl_goods_image GM2 
			WHERE GM2.g_no = GS.g_no
		)
		WHERE GS.g_name LIKE CONCAT('%', #{keyword}, '%')
	</select>
	
	<select id="selectMainGoods" resultType="goodsVo" parameterType="String">
		SELECT *, COUNT(R.g_no) AS review_count, AVG(R.rating) AS average_rating FROM tbl_goods GS
		LEFT JOIN tbl_goods_image GM ON GS.g_no = GM.g_no
		AND GM.img_no = ( SELECT MIN(GM2.img_no) FROM tbl_goods_image GM2 WHERE GM2.g_no = GS.g_no )
		LEFT JOIN tbl_review R ON GS.g_no = R.g_no
		WHERE GS.g_type = #{g_type}
		GROUP BY GS.g_no
		ORDER BY GS.g_no DESC
	</select>
	
	<update id="updateGoods" parameterType="goodsVo">
		UPDATE tbl_goods
		SET g_category = #{g_category}, 
			g_type = #{g_type}, 
			g_name = #{g_name}, 
		    g_code = #{g_code}, 
		    g_price = #{g_price}, 
			g_inventory = #{g_inventory}, 
			g_mod_date = now()
		WHERE g_no = #{g_no}
	</update>
	
	<delete id="deleteGoods" parameterType="long">
		DELETE FROM tbl_goods
		WHERE g_no = #{g_no}
	</delete>
	
	<update id="updateGoodsInventory" parameterType="orderDetailVo">
		UPDATE tbl_goods
		SET g_inventory = g_inventory - #{order_qty}
		WHERE g_no = #{g_no} AND g_inventory >= #{order_qty}
	</update>
	
</mapper>
