<?xml version="1.0" encoding="UTF-8"?>
<!DOCTYPE mapper 
	PUBLIC "-//mybatis.org//DTD Mapper 3.0//EN"
   "http://mybatis.org/dtd/mybatis-3-mapper.dtd">
<mapper namespace="mapper.review">

	<insert id="insertNewReview" parameterType="reviewVo" useGeneratedKeys="true" keyProperty="review_no">
		INSERT INTO tbl_review (
			comment, rating, g_no, order_detail_no, m_no, rv_reg_date, rv_mod_date
		) VALUES (
			#{comment}, #{rating}, #{g_no}, #{order_detail_no}, #{m_no}, now(), now()
		)
	</insert>
	
	<delete id="deleteReview" parameterType="int">
		DELETE FROM tbl_review
		WHERE review_no = #{review_no}
	</delete>
	
	<update id="updateReview" parameterType="reviewVo">
		UPDATE tbl_review 
		SET comment=#{comment}, rating=#{rating}, rv_mod_date=now()
		WHERE review_no = #{review_no}
	</update>
	
	<insert id="insertReviewImage">
		INSERT INTO tbl_review_image (review_no, img_url, img_reg_date, img_mod_date) 
		VALUES 
			<foreach collection="images" item="image" separator=",">
				( #{review_no}, #{image}, now(), now() )
			</foreach>
	</insert>
	
	<select id="selectPhotoReviewList" resultType="reviewVo" parameterType="hashmap">
		SELECT *, GROUP_CONCAT(RM.img_url SEPARATOR ',') AS images  
		FROM tbl_review R 
		JOIN tbl_review_image RM ON RM.review_no = R.review_no
		JOIN tbl_member M ON M.m_no = R.m_no
		WHERE R.g_no = #{g_no}
		GROUP BY R.review_no
		ORDER BY R.review_no DESC
		LIMIT #{scale} OFFSET #{pNum}
	</select>
	
	<select id="selectPhotoReviewCount" resultType="int" parameterType="long">
	    SELECT COUNT(*)
		FROM (
		    SELECT R.review_no  
		    FROM tbl_review R
		    JOIN tbl_member M ON M.m_no = R.m_no
		    JOIN tbl_review_image RM ON RM.review_no = R.review_no
		    WHERE R.g_no = #{g_no}
		    GROUP BY R.review_no
		) AS review_count
	</select>
	
	<select id="selectTextReviewList" resultType="reviewVo" parameterType="hashmap">
	    SELECT * FROM tbl_review R 
		LEFT JOIN tbl_review_image RM ON RM.review_no = R.review_no
		JOIN tbl_member M ON M.m_no = R.m_no
		WHERE R.g_no = #{g_no} AND RM.review_no IS NULL
		ORDER BY R.review_no DESC
		LIMIT #{scale} OFFSET #{pNum}
	</select>
	
	<select id="selectTextReviewCount" resultType="int" parameterType="long">
	    SELECT Count(*) FROM tbl_review R 
		LEFT JOIN tbl_review_image RM ON RM.review_no = R.review_no
		WHERE R.g_no = #{g_no} AND RM.review_no IS NULL
	</select>
	
	<select id="selectMyReviewList" resultType="reviewVo" parameterType="int">
		SELECT * FROM tbl_order O
		LEFT JOIN tbl_order_detail OD ON OD.order_no = O.order_no 
		LEFT JOIN tbl_review R ON R.order_detail_no = OD.order_detail_no
		LEFT JOIN tbl_goods GS ON GS.g_no = R.g_no
		WHERE O.m_no = #{m_no}
		ORDER BY OD.order_detail_no DESC
	</select>

</mapper>