<?xml version="1.0" encoding="UTF-8"?>
<!DOCTYPE configuration 	PUBLIC "-//mybatis.org//DTD Config 3.0//EN"
	"http://mybatis.org/dtd/mybatis-3-config.dtd">

<configuration>
	<typeAliases>
		<typeAlias type="com.mycompany.myshop.member.MemberVo"  alias="memberVo" />
		<typeAlias type="com.mycompany.myshop.goods.GoodsVo"  alias="goodsVo" />
		<typeAlias type="com.mycompany.myshop.goods.GoodsImageVo"  alias="goodsImageVo" />
		<typeAlias type="com.mycompany.myshop.goods.CartVo"  alias="cartVo" />
		<typeAlias type="com.mycompany.myshop.goods.OrderVo"  alias="orderVo" />
		<typeAlias type="com.mycompany.myshop.goods.OrderDetailVo"  alias="orderDetailVo" />
		<typeAlias type="com.mycompany.myshop.review.ReviewVo"  alias="reviewVo" />
		<typeAlias type="com.mycompany.myshop.review.ReviewImageVo"  alias="reviewImageVo" />
    </typeAliases>
</configuration>	