<?xml version="1.0" encoding="UTF-8"?>
<beans xmlns="http://www.springframework.org/schema/beans"
	xmlns:xsi="http://www.w3.org/2001/XMLSchema-instance"
	xmlns:tx="http://www.springframework.org/schema/tx"
	xmlns:aop="http://www.springframework.org/schema/aop"
	xsi:schemaLocation="http://www.springframework.org/schema/beans http://www.springframework.org/schema/beans/spring-beans.xsd
		http://www.springframework.org/schema/aop http://www.springframework.org/schema/aop/spring-aop-4.1.xsd
    http://www.springframework.org/schema/tx http://www.springframework.org/schema/tx/spring-tx-4.1.xsd">
	
	<aop:aspectj-autoproxy />
	
	<bean id="propertyPlaceholderConfigurer" class="org.springframework.beans.factory.config.PropertyPlaceholderConfigurer">
		<property name="locations">
			<value>/WEB-INF/config/jdbc/jdbc.properties</value>
		</property>
	</bean>
	
	<bean id="dataSource" class="org.apache.ibatis.datasource.pooled.PooledDataSource">
		<property name="driver" value="${jdbc.driverClassName}" />
		<property name="url" value="${jdbc.url}" />
		<property name="username" value="${jdbc.username}" />
		<property name="password" value="${jdbc.password}" />
	</bean>
	
	<bean id="sqlSessionFactory" class="org.mybatis.spring.SqlSessionFactoryBean" >
	  <property name="dataSource" ref="dataSource" />
	  <property name="configLocation" value="classpath:mybatis/model/modelConfig.xml"  />
	  <property name="mapperLocations" value="classpath:mybatis/mappers/*.xml" />
	</bean>
	
	<bean id="transactionManager" class="org.springframework.jdbc.datasource.DataSourceTransactionManager" >
        <property name="dataSource" ref="dataSource"/>
    </bean>

    <tx:annotation-driven transaction-manager="transactionManager"/>
        
	<bean id="sqlSession" class="org.mybatis.spring.SqlSessionTemplate" >
	    <constructor-arg ref="sqlSessionFactory"></constructor-arg >
	</bean >


</beans>
